0,a.j. achter
1,a.j. cole
2,a.j. ellis
3,a.j. griffin
4,a.j. jimenez
5,a.j. minter
6,a.j. morris
7,a.j. pollock
8,a.j. ramos
9,a.j. reed
10,a.j. schugel
11,aaron altherr
12,aaron barrett
13,aaron blair
14,aaron brooks
15,aaron bummer
16,aaron crow
17,aaron cunningham
18,aaron harang
19,aaron hicks
20,aaron hill
21,aaron judge
22,aaron laffey
23,aaron loup
24,aaron nola
25,aaron poreda
26,aaron sanchez
27,aaron slegers
28,aaron thompson
29,aaron wilkerson
30,abel de los santos
31,abraham almonte
32,adalberto mejia
33,adam conley
34,adam duvall
35,adam eaton
36,adam engel
37,adam frazier
38,adam jones
39,adam kolarek
40,adam laroche
41,adam liberatore
42,adam lind
43,adam loewen
44,adam mccreery
45,adam moore
46,adam morgan
47,adam ottavino
48,adam plutko
49,adam rosales
50,adam wainwright
51,adam walker
52,adam warren
53,adam wilk
54,adbert alzolay
55,addison reed
56,addison russell
57,adeiny hechavarria
58,adonis garcia
59,adrian beltre
60,adrian gonzalez
61,adrian houser
62,adrian nieto
63,adrian sampson
64,adrian sanchez
65,adron chambers
66,akeel morris
67,al alburquerque
68,alan busenitz
69,albert abreu
70,albert almora jr.
71,albert pujols
72,albert suarez
73,alberto cabrera
74,alberto callaspo
75,alberto gonzalez
76,alberto rosario
77,alberto tirado
78,alcides escobar
79,alec asher
80,alec mills
81,aledmys diaz
82,alejandro chacin
83,alejandro de aza
84,alen hanson
85,alex avila
86,alex blandino
87,alex bregman
88,alex burnett
89,alex castellanos
90,alex claudio
91,alex cobb
92,alex colome
93,alex dickerson
94,alex gordon
95,alex guerrero
96,alex hassan
97,alex katz
98,alex liddi
99,alex mejia
100,alex meyer
101,alex presley
102,alex reyes
103,alex rios
104,alex sanabia
105,alex torres
106,alex verdugo
107,alex white
108,alex wilson
109,alex wimmers
110,alex wood
111,alexei ramirez
112,alexi amarista
113,alexi casilla
114,alexi ogando
115,alfredo aceves
116,alfredo figaro
117,alfredo gonzalez
118,alfredo marte
119,alfredo simon
120,ali solis
121,allan dykstra
122,allen cordoba
123,allen craig
124,allen webster
125,amed rosario
126,amir garrett
127,andre ethier
128,andre rienzo
129,andrelton simmons
130,andres blanco
131,andres machado
132,andres torres
133,andrew albers
134,andrew aplin
135,andrew bailey
136,andrew bellatti
137,andrew benintendi
138,andrew brown
139,andrew carignan
140,andrew case
141,andrew cashner
142,andrew chafin
143,andrew edwards
144,andrew faulkner
145,andrew heaney
146,andrew kittredge
147,andrew knapp
148,andrew lambo
149,andrew mccutchen
150,andrew mckirahan
151,andrew miller
152,andrew moore
153,andrew romine
154,andrew stevenson
155,andrew suarez
156,andrew susac
157,andrew taylor
158,andrew toles
159,andrew triggs
160,andrew werner
161,andury acevedo
162,andy burns
163,andy dirks
164,andy laroche
165,andy marte
166,andy oliver
167,andy parrino
168,andy wilkins
169,aneury tavarez
170,angel castro
171,angel nesbitt
172,angel pagan
173,angel sanchez
174,anibal sanchez
175,anthony alford
176,anthony banda
177,anthony bass
178,anthony desclafani
179,anthony garcia
180,anthony gose
181,anthony ranaudo
182,anthony recker
183,anthony rendon
184,anthony rizzo
185,anthony santander
186,anthony swarzak
187,anthony varvaro
188,antoan richardson
189,antonio bastardo
190,antonio senzatela
191,anyelo gomez
192,arcenio leon
193,archie bradley
194,ariel hernandez
195,ariel jurado
196,ariel miranda
197,ariel pena
198,arismendy alcantara
199,aristides aquino
200,armando rivero
201,arnold leon
202,arodys vizcaino
203,aroldis chapman
204,arquimedes caminero
205,artie lewicki
206,asdrubal cabrera
207,asher wojciechowski
208,ashur tolliver
209,audry perez
210,austin adams
211,austin adams
212,austin barnes
213,austin bibens-dirkx
214,austin brice
215,austin gomber
216,austin hays
217,austin hedges
218,austin jackson
219,austin kearns
220,austin maddox
221,austin meadows
222,austin nola
223,austin orewiler
224,austin pruitt
225,austin romine
226,austin ross
227,austin slater
228,austin voth
229,austin wynns
230,avisail garcia
231,b.j. rosenberg
232,barrett astin
233,barry enright
234,bartolo colon
235,ben francisco
236,ben gamel
237,ben heller
238,ben lively
239,ben paulsen
240,ben revere
241,ben rowen
242,ben taylor
243,ben zobrist
244,bill bray
245,billy buckner
246,billy burns
247,billy butler
248,billy hamilton
249,billy mckinney
250,blaine boyer
251,blaine hardy
252,blake beavan
253,blake lalli
254,blake mcfarland
255,blake parker
256,blake smith
257,blake snell
258,blake swihart
259,blake tekotte
260,blake trahan
261,blake treinen
262,blake wood
263,bo schultz
264,bobby korecky
265,bobby lafromboise
266,bobby parnell
267,bobby wahl
268,bobby wilson
269,boog powell
270,boone logan
271,brad boxberger
272,brad brach
273,brad glenn
274,brad goldberg
275,brad hand
276,brad keller
277,brad lincoln
278,brad miller
279,brad mills
280,brad peacock
281,brad snyder
282,brad wieck
283,brad ziegler
284,braden shipley
285,bradin hagens
286,bradley zimmer
287,brady dragmire
288,brady rodgers
289,branden pinder
290,brandon allen
291,brandon bantz
292,brandon barnes
293,brandon beachy
294,brandon belt
295,brandon brennan
296,brandon crawford
297,brandon cumpton
298,brandon cunniff
299,brandon drury
300,brandon finnegan
301,brandon gomes
302,brandon guyer
303,brandon hicks
304,brandon inge
305,brandon kintzler
306,brandon laird
307,brandon league
308,brandon lyon
309,brandon maurer
310,brandon mccarthy
311,brandon morrow
312,brandon moss
313,brandon nimmo
314,brandon phillips
315,brandon snyder
316,brandon woodruff
317,brandon workman
318,braxton lee
319,brayan pena
320,brayan villarreal
321,brayden bouchey
322,brendan harris
323,brendan ryan
324,brennan boesch
325,brent honeywell
326,brent lillibridge
327,brent morel
328,brent suter
329,brett anderson
330,brett bochy
331,brett carroll
332,brett cecil
333,brett eibner
334,brett gardner
335,brett graves
336,brett hayes
337,brett jackson
338,brett lawrie
339,brett marshall
340,brett martin
341,brett nicholas
342,brett oberholtzer
343,brett phillips
344,brett pill
345,brett wallace
346,breyvic valera
347,brian anderson
348,brian bixler
349,brian bogusevic
350,brian dozier
351,brian duensing
352,brian ellington
353,brian flynn
354,brian goodwin
355,brian johnson
356,brian matusz
357,brian mccann
358,brian roberts
359,brian schlitter
360,brian wilson
361,brock holt
362,brock peterson
363,brock stassi
364,brock stewart
365,bronson arroyo
366,brooks brown
367,brooks conrad
368,brooks pounders
369,brooks raley
370,bruce billings
371,bruce maxwell
372,bruce rondon
373,bryan anderson
374,bryan holaday
375,bryan mitchell
376,bryan morris
377,bryan petersen
378,bryan price
379,bryan shaw
380,bryce brentz
381,bryce harper
382,bubba starling
383,buck farmer
384,bud norris
385,buddy baumann
386,buddy boshers
387,burch smith
388,burke badenhop
389,buster posey
390,byron buxton
391,byung ho park
392,c.c. lee
393,c.j. cron
394,c.j. fick
395,c.j. riefenhauser
396,c.j. wilson
397,caleb cotham
398,caleb gindl
399,caleb joseph
400,caleb smith
401,caleb thielbar
402,cam bedrosian
403,cam gallagher
404,cameron maybin
405,cameron perkins
406,cameron rupp
407,carl crawford
408,carl edwards jr.
409,carlos asuaje
410,carlos beltran
411,carlos carrasco
412,carlos contreras
413,carlos corporan
414,carlos correa
415,carlos estevez
416,carlos frias
417,carlos gomez
418,carlos gonzalez
419,carlos marmol
420,carlos martinez
421,carlos moncrief
422,carlos peguero
423,carlos pena
424,carlos perez
425,carlos quentin
426,carlos ramirez
427,carlos rivero
428,carlos rodon
429,carlos ruiz
430,carlos sanchez
431,carlos santana
432,carlos tocci
433,carlos torres
434,carlos triunfel
435,carlos villanueva
436,carlos zambrano
437,carson blair
438,carson fulmer
439,carson kelly
440,carson smith
441,carter capps
442,casey coleman
443,casey crosby
444,casey fien
445,casey gillaspie
446,casey janssen
447,casey kelly
448,casey kotchman
449,casey lawrence
450,casey mcgehee
451,casey sadler
452,casper wells
453,cavan biggio
454,cc sabathia
455,cedric hunter
456,cesar cabral
457,cesar hernandez
458,cesar izturis
459,cesar jimenez
460,cesar puello
461,cesar ramos
462,cesar valdez
463,cesar vargas
464,chad bell
465,chad bettis
466,chad billingsley
467,chad gaudin
468,chad girodo
469,chad green
470,chad huffman
471,chad jenkins
472,chad kuhl
473,chad pinder
474,chad qualls
475,chad smith
476,chad tracy
477,chad wallach
478,chance ruffin
479,chance sisco
480,chandler shepherd
481,charles brewer
482,charlie blackmon
483,charlie culberson
484,charlie furbush
485,charlie leesman
486,charlie morton
487,charlie tilson
488,chase anderson
489,chase d'arnaud
490,chase de jong
491,chase headley
492,chase johnson
493,chase simpson
494,chase utley
495,chase whitley
496,chasen bradford
497,chasen shreve
498,chaz roe
499,che-hsuan lin
500,cheslor cuthbert
501,chi chi gonzalez
502,chia-jen lo
503,chien-ming wang
504,chih-wei hu
505,chin-hui tsao
506,chone figgins
507,chris archer
508,chris bassitt
509,chris beck
510,chris bootcheck
511,chris bostick
512,chris capuano
513,chris carter
514,chris coghlan
515,chris colabello
516,chris davis
517,chris denorfia
518,chris devenski
519,chris dickerson
520,chris dominguez
521,chris dwyer
522,chris flexen
523,chris gimenez
524,chris hatcher
525,chris heisey
526,chris herrmann
527,chris heston
528,chris iannetta
529,chris johnson
530,chris jones
531,chris lee
532,chris leroux
533,chris marrero
534,chris martin
535,chris mcguiness
536,chris narveson
537,chris nelson
538,chris o'grady
539,chris owings
540,chris parmelee
541,chris perez
542,chris rabago
543,chris rearick
544,chris reed
545,chris resop
546,chris rowley
547,chris rusin
548,chris sale
549,chris schwinden
550,chris smith
551,chris smith
552,chris snyder
553,chris stewart
554,chris stratton
555,chris taylor
556,chris tillman
557,chris valaika
558,chris volstad
559,chris withrow
560,chris young
561,chris young
562,christian arroyo
563,christian bergman
564,christian bethancourt
565,christian colon
566,christian friedrich
567,christian garcia
568,christian vazquez
569,christian villanueva
570,christian walker
571,christian yelich
572,cionel perez
573,clay buchholz
574,clay holmes
575,clay rapada
576,clayton blackburn
577,clayton kershaw
578,clayton mortensen
579,clayton richard
580,clete thomas
581,cliff lee
582,cliff pennington
583,clint barmes
584,clint frazier
585,clint robinson
586,coco crisp
587,cody allen
588,cody anderson
589,cody asche
590,cody bellinger
591,cody decker
592,cody ege
593,cody eppley
594,cody hall
595,cody martin
596,cody ransom
597,cody reed
598,cody ross
599,cody stanley
600,colby lewis
601,colby rasmus
602,cole figueroa
603,cole gillespie
604,cole hamels
605,colin moran
606,colin rea
607,colin walsh
608,collin balester
609,collin cowgill
610,collin mchugh
611,colt hynes
612,colten brewer
613,colton murray
614,conner greene
615,connor sadzeck
616,conor gillaspie
617,conor mullee
618,corban joseph
619,cord phelps
620,corey brown
621,corey dickerson
622,corey hart
623,corey kluber
624,corey knebel
625,corey oswalt
626,corey seager
627,corky miller
628,cory burns
629,cory gearrin
630,cory luebke
631,cory mazzoni
632,cory rasmus
633,cory spangenberg
634,cory wade
635,craig breslow
636,craig gentry
637,craig kimbrel
638,craig stammen
639,cristhian adames
640,curt casali
641,curtis granderson
642,curtis partch
643,d.j. peterson
644,d.j. snelten
645,dae-ho lee
646,daisuke matsuzaka
647,dale thayer
648,dalier hinojosa
649,dallas beeler
650,dallas keuchel
651,dalton pompey
652,damien magnifico
653,dan altavilla
654,dan butler
655,dan haren
656,dan jennings
657,dan johnson
658,dan otero
659,dan runzler
660,dan slania
661,dan straily
662,dan uggla
663,dan vogelbach
664,dana eveland
665,dane de la rosa
666,daniel bard
667,daniel bravo
668,daniel carbonell
669,daniel castro
670,daniel corcino
671,daniel coulombe
672,daniel descalso
673,daniel fields
674,daniel gossett
675,daniel hudson
676,daniel mccutchen
677,daniel mengden
678,daniel murphy
679,daniel nava
680,daniel norris
681,daniel palka
682,daniel robertson
683,daniel robertson
684,daniel schlereth
685,daniel stange
686,daniel stumpf
687,daniel webb
688,daniel winkler
689,daniel wright
690,danny barnes
691,danny burawa
692,danny dorn
693,danny duffy
694,danny espinosa
695,danny farquhar
696,danny hultzen
697,danny jansen
698,danny muno
699,danny ortiz
700,danny reynolds
701,danny salazar
702,danny santana
703,danny valencia
704,danny worth
705,dansby swanson
706,daric barton
707,dariel alvarez
708,darin downs
709,darin mastroianni
710,darin ruf
711,dario agrazal
712,dario alvarez
713,darnell sweeney
714,darrell ceciliani
715,darren o'day
716,darwin barney
717,dave sappelt
718,david aardsma
719,david adams
720,david bote
721,david buchanan
722,david carpenter
723,david carpenter
724,david cooper
725,david dahl
726,david dejesus
727,david freese
728,david freitas
729,david goforth
730,david hale
731,david hernandez
732,david hess
733,david holmberg
734,david huff
735,david lough
736,david martinez
737,david murphy
738,david pauley
739,david paulino
740,david peralta
741,david phelps
742,david price
743,david purcey
744,david robertson
745,david rollins
746,david ross
747,david washington
748,david wright
749,dawel lugo
750,dayan diaz
751,dayan viciedo
752,dean anna
753,dean deetz
754,dean kiekhefer
755,deck mcguire
756,dee gordon
757,delino deshields
758,dellin betances
759,delmon young
760,denard span
761,denis phipps
762,dennis santana
763,deolis guerra
764,derek dietrich
765,derek fisher
766,derek holland
767,derek law
768,derek norris
769,derian gonzalez
770,derrick robinson
771,desmond jennings
772,destin hood
773,deunte heath
774,deven marrero
775,devin mesoraco
776,devon travis
777,dexter fowler
778,dian toscano
779,didi gregorius
780,diego castillo
781,diego moreno
782,dietrich enns
783,dillon gee
784,dillon maples
785,dillon overton
786,dillon peters
787,dilson herrera
788,dinelson lamet
789,dioner navarro
790,dixon machado
791,dj lemahieu
792,domingo acevedo
793,domingo german
794,domingo leyba
795,domingo santana
796,dominic leone
797,dominic smith
798,domonic brown
799,don kelly
800,donald lutz
801,donn roach
802,donnie hart
803,donnie joseph
804,donnie murphy
805,donnie veal
806,donovan hand
807,donovan solano
808,doug bernier
809,doug fister
810,dovydas neverauskas
811,drake britton
812,drew anderson
813,drew butera
814,drew carpenter
815,drew hayes
816,drew hutchison
817,drew pomeranz
818,drew robinson
819,drew rucinski
820,drew smyly
821,drew steckenrider
822,drew storen
823,drew stubbs
824,drew verhagen
825,duane below
826,duane underwood jr.
827,duke welker
828,dustin ackley
829,dustin antolin
830,dustin fowler
831,dustin garneau
832,dustin mcgowan
833,dustin molleken
834,dustin pedroia
835,dusty coleman
836,dwight smith jr.
837,dylan axelrod
838,dylan baker
839,dylan bundy
840,dylan covey
841,dylan cozens
842,dylan floro
843,ed easley
844,ed lucas
845,eddie butler
846,eddie gamboa
847,eddie rosario
848,eddy rodriguez
849,edgar gonzalez
850,edgar ibarra
851,edgar olmos
852,edgar santana
853,edgmer escalona
854,edinson volquez
855,edmundo sosa
856,eduardo escobar
857,eduardo jimenez
858,eduardo nunez
859,eduardo paredes
860,eduardo rodriguez
861,eduardo sanchez
862,edubray ramos
863,edwar cabrera
864,edward mujica
865,edward paredes
866,edwin diaz
867,edwin encarnacion
868,edwin escobar
869,edwin jackson
870,efren navarro
871,ehire adrianza
872,elian herrera
873,elias diaz
874,elieser hernandez
875,eliezer alvarez
876,elliot johnson
877,elmer reyes
878,elniery garcia
879,eloy jimenez
880,elvin ramirez
881,elvis andrus
882,elvis araujo
883,emilio bonifacio
884,emilio pagan
885,emmanuel burriss
886,ender inciarte
887,endy chavez
888,enerio del rosario
889,engel beltre
890,engelb vielma
891,enny romero
892,enrique burgos
893,enrique hernandez
894,erasmo ramirez
895,eric campbell
896,eric farris
897,eric fornataro
898,eric fryer
899,eric haase
900,eric hosmer
901,eric jokisch
902,eric o'flaherty
903,eric skoglund
904,eric sogard
905,eric stamets
906,eric stout
907,eric stults
908,eric surkamp
909,eric thames
910,eric young jr.
911,erick aybar
912,erick fedde
913,erik bedard
914,erik cordier
915,erik davis
916,erik goeddel
917,erik gonzalez
918,erik johnson
919,erik komatsu
920,erik kratz
921,erisbel arruebarrena
922,ernesto frieri
923,ervin santana
924,esmil rogers
925,estarlin arias
926,ethan martin
927,eugenio suarez
928,eury de la rosa
929,eury perez
930,evan crawford
931,evan gattis
932,evan longoria
933,evan marshall
934,evan meek
935,evan reed
936,evan rutckyj
937,evan scribner
938,everett teaford
939,everth cabrera
940,ezequiel carrera
941,fabio castillo
942,felipe paulino
943,felipe rivero
944,felix doubront
945,felix hernandez
946,felix jorge
947,felix pena
948,fernando abad
949,fernando rodney
950,fernando rodriguez
951,fernando romero
952,fernando salas
953,franchy cordero
954,francis martes
955,francisco cervelli
956,francisco lindor
957,francisco liriano
958,francisco mejia
959,francisco peguero
960,francisco pena
961,francisco rodriguez
962,francisco rodriguez
963,francisley bueno
964,frank francisco
965,frank garces
966,frank herrmann
967,frankie montas
968,franklin barreto
969,franklin gutierrez
970,franklin morales
971,franklyn kilome
972,freddie freeman
973,freddy galvis
974,freddy guzman
975,freddy peralta
976,gabby guerrero
977,gabriel moya
978,gabriel ovalle
979,gabriel ynoa
980,gaby sanchez
981,garin cecchini
982,garrett cooper
983,garrett jones
984,garrett richards
985,gary brown
986,gary sanchez
987,gavin cecchini
988,gavin floyd
989,george kontos
990,george kottaras
991,george sherrill
992,george springer
993,geovany soto
994,gerald laird
995,gerardo concepcion
996,gerardo parra
997,german marquez
998,gerrit cole
999,gerson bautista
1000,gerson moreno
1001,giancarlo stanton
1002,gift ngoepe
1003,gil velazquez
1004,gio gonzalez
1005,giovanni soto
1006,giovanny gallegos
1007,giovanny urshela
1008,glen perkins
1009,glenn sparkman
1010,gleyber torres
1011,gonzalez germen
1012,gordon beckham
1013,gorkys hernandez
1014,grady sizemore
1015,graham godfrey
1016,grant balfour
1017,grant dayton
1018,grant green
1019,grayson garvin
1020,grayson greiner
1021,greg allen
1022,greg bird
1023,greg burke
1024,greg dobbs
1025,greg garcia
1026,greg holland
1027,greg mahle
1028,gregor blanco
1029,gregorio petit
1030,gregory infante
1031,gregory polanco
1032,gregory soto
1033,guido knudson
1034,guilder rodriguez
1035,guillermo heredia
1036,guillermo quiroz
1037,gus schlosser
1038,hak-ju lee
1039,hank conger
1040,hanley ramirez
1041,hansel robles
1042,hanser alberto
1043,harold ramirez
1044,harrison bader
1045,heath bell
1046,heath fillmyer
1047,heath hembree
1048,hector ambriz
1049,hector gimenez
1050,hector gomez
1051,hector neris
1052,hector noesi
1053,hector olivera
1054,hector rondon
1055,hector sanchez
1056,hector santiago
1057,hector velazquez
1058,henderson alvarez
1059,henry alberto rodriguez
1060,henry alejandro rodriguez
1061,henry owens
1062,henry urrutia
1063,hernan iribarren
1064,hernan perez
1065,hiram burgos
1066,hiroki kuroda
1067,hisashi iwakuma
1068,hoby milner
1069,homer bailey
1070,howie kendrick
1071,humberto quintero
1072,hunter cervenka
1073,hunter dozier
1074,hunter harvey
1075,hunter pence
1076,hunter renfroe
1077,hunter strickland
1078,hunter wood
1079,huston street
1080,hyun-jin ryu
1081,hyun-soo kim
1082,ian clarkin
1083,ian desmond
1084,ian gardeck
1085,ian happ
1086,ian kennedy
1087,ian kinsler
1088,ian krol
1089,ian parmley
1090,ian stewart
1091,ian thomas
1092,ichiro suzuki
1093,ike davis
1094,ildemaro vargas
1095,irving falu
1096,isiah kiner-falefa
1097,ivan de jesus
1098,ivan nova
1099,j.a. happ
1100,j.b. shuck
1101,j.b. wendelken
1102,j.c. boscan
1103,j.d. davis
1104,j.d. martinez
1105,j.j. hardy
1106,j.j. hoover
1107,j.p. arencibia
1108,j.p. crawford
1109,j.p. howell
1110,j.r. graham
1111,j.t. chargois
1112,j.t. realmuto
1113,j.t. riddle
1114,jabari blash
1115,jace fry
1116,jace peterson
1117,jack flaherty
1118,jack hannahan
1119,jack leathersich
1120,jack reinheimer
1121,jackie bradley jr.
1122,jackson stephens
1123,jackson williams
1124,jacob barnes
1125,jacob degrom
1126,jacob faria
1127,jacob hannemann
1128,jacob lindgren
1129,jacob may
1130,jacob nottingham
1131,jacob rhame
1132,jacob stallings
1133,jacob turner
1134,jacoby ellsbury
1135,jacoby jones
1136,jae-gyun hwang
1137,jaff decker
1138,jaime barria
1139,jaime garcia
1140,jaime schultz
1141,jair jurrjens
1142,jairo asencio
1143,jairo diaz
1144,jairo labourt
1145,jake arrieta
1146,jake barrett
1147,jake bauers
1148,jake brigham
1149,jake buchanan
1150,jake cave
1151,jake diekman
1152,jake dunning
1153,jake elmore
1154,jake esch
1155,jake goebbert
1156,jake jewell
1157,jake junis
1158,jake lamb
1159,jake marisnick
1160,jake mcgee
1161,jake odorizzi
1162,jake peavy
1163,jake petricka
1164,jake smith
1165,jake smolinski
1166,jake thompson
1167,jalen beeks
1168,james beresford
1169,james darnell
1170,james hoyt
1171,james jones
1172,james loney
1173,james mccann
1174,james mcdonald
1175,james needy
1176,james paxton
1177,james pazos
1178,james ramsey
1179,james russell
1180,james shields
1181,jameson taillon
1182,jamie callahan
1183,jamie romak
1184,jandel gustave
1185,jared burton
1186,jared hoying
1187,jared hughes
1188,jared miller
1189,jarlin garcia
1190,jarred cosart
1191,jarrett grube
1192,jarrett parker
1193,jarrod dyson
1194,jarrod parker
1195,jarrod saltalamacchia
1196,jason bartlett
1197,jason berken
1198,jason bourgeois
1199,jason castro
1200,jason coats
1201,jason donald
1202,jason frasor
1203,jason garcia
1204,jason grilli
1205,jason gurka
1206,jason hammel
1207,jason heyward
1208,jason hursh
1209,jason kipnis
1210,jason kubel
1211,jason lane
1212,jason motte
1213,jason pridie
1214,jason rogers
1215,jason vargas
1216,jason wheeler
1217,javier baez
1218,javier guerra
1219,javier lopez
1220,javy guerra
1221,jay bruce
1222,jay jackson
1223,jaycob brugman
1224,jaye chapman
1225,jayson aquino
1226,jayson nix
1227,jayson werth
1228,jc ramirez
1229,jean machi
1230,jean segura
1231,jeanmar gomez
1232,jed bradley
1233,jed lowrie
1234,jedd gyorko
1235,jeff baker
1236,jeff beliveau
1237,jeff bianchi
1238,jeff ferrell
1239,jeff francis
1240,jeff francoeur
1241,jeff hoffman
1242,jeff keppinger
1243,jeff kobernus
1244,jeff locke
1245,jeff manship
1246,jeff mathis
1247,jeff samardzija
1248,jeff walters
1249,jefry marte
1250,jefry rodriguez
1251,jeimer candelario
1252,jemile weeks
1253,jen-ho tseng
1254,jenrry mejia
1255,jerad eickhoff
1256,jered weaver
1257,jeremy affeldt
1258,jeremy guthrie
1259,jeremy hazelbaker
1260,jeremy hefner
1261,jeremy hellickson
1262,jeremy hermida
1263,jeremy horst
1264,jeremy jeffress
1265,jeremy mcbryde
1266,jermaine curtis
1267,jerome williams
1268,jerry blevins
1269,jerry sands
1270,jesen therrien
1271,jesmuel valentin
1272,jesse biddle
1273,jesse chavez
1274,jesse crain
1275,jesse hahn
1276,jesse winker
1277,jesus aguilar
1278,jesus castillo
1279,jesus flores
1280,jesus guzman
1281,jesus liranzo
1282,jesus montero
1283,jesus reyes
1284,jesus sucre
1285,jesus tinoco
1286,jett bandy
1287,jeurys familia
1288,jhan marinez
1289,jharel cotton
1290,jhonatan solano
1291,jhonny peralta
1292,jhoulys chacin
1293,ji-man choi
1294,jim adduci
1295,jim henderson
1296,jim johnson
1297,jim miller
1298,jimmie sherfy
1299,jimmy cordero
1300,jimmy nelson
1301,jimmy paredes
1302,jimmy rollins
1303,jimmy yacabonis
1304,jo-jo reyes
1305,joakim soria
1306,joan gregorio
1307,joaquin arias
1308,joaquin benoit
1309,joba chamberlain
1310,joc pederson
1311,joe beimel
1312,joe biagini
1313,joe blanton
1314,joe gunkel
1315,joe jimenez
1316,joe kelly
1317,joe mantiply
1318,joe martinez
1319,joe mauer
1320,joe musgrove
1321,joe ortiz
1322,joe palumbo
1323,joe panik
1324,joe paterson
1325,joe ross
1326,joe saunders
1327,joe savery
1328,joe smith
1329,joe thatcher
1330,joe wieland
1331,joel carreno
1332,joel de la cruz
1333,joel hanrahan
1334,joel peralta
1335,joely rodriguez
1336,joey butler
1337,joey gallo
1338,joey rickard
1339,joey terdoslavich
1340,joey votto
1341,joey wendle
1342,johan camargo
1343,john axford
1344,john baker
1345,john bormann
1346,john brebbia
1347,john buck
1348,john cornely
1349,john curtiss
1350,john danks
1351,john ely
1352,john gant
1353,john gast
1354,john hester
1355,john hicks
1356,john holdzkom
1357,john jaso
1358,john lackey
1359,john lamb
1360,john lannan
1361,john mayberry jr.
1362,john ryan murphy
1363,johnny barbato
1364,johnny cueto
1365,johnny giavotella
1366,johnny hellweg
1367,johnny monell
1368,jon edwards
1369,jon gray
1370,jon jay
1371,jon lester
1372,jon moscot
1373,jon niese
1374,jon singleton
1375,jonathan albaladejo
1376,jonathan aro
1377,jonathan broxton
1378,jonathan diaz
1379,jonathan hernandez
1380,jonathan herrera
1381,jonathan holder
1382,jonathan loaisiga
1383,jonathan lucroy
1384,jonathan papelbon
1385,jonathan pettibone
1386,jonathan sanchez
1387,jonathan schoop
1388,jonathan villar
1389,jonny gomes
1390,jonny venters
1391,jordan brown
1392,jordan danks
1393,jordan jankowski
1394,jordan luplow
1395,jordan lyles
1396,jordan milbrath
1397,jordan montgomery
1398,jordan norberto
1399,jordan pacheco
1400,jordan patterson
1401,jordan schafer
1402,jordan walden
1403,jordan zimmermann
1404,jordany valdespin
1405,jordy mercer
1406,jorge alfaro
1407,jorge bonifacio
1408,jorge de la rosa
1409,jorge de leon
1410,jorge lopez
1411,jorge mateo
1412,jorge polanco
1413,jorge rondon
1414,jorge soler
1415,jose abreu
1416,jose altuve
1417,jose alvarado
1418,jose alvarez
1419,jose arredondo
1420,jose bautista
1421,jose berrios
1422,jose castillo
1423,jose cisnero
1424,jose constanza
1425,jose de la torre
1426,jose de leon
1427,jose de paula
1428,jose dominguez
1429,jose iglesias
1430,jose leclerc
1431,jose lobaton
1432,jose lopez
1433,jose marmolejos
1434,jose martinez
1435,jose mesa
1436,jose mijares
1437,jose mujica
1438,jose ortega
1439,jose osuna
1440,jose peraza
1441,jose pirela
1442,jose quintana
1443,jose ramirez
1444,jose ramirez
1445,jose reyes
1446,jose rondon
1447,jose rosario
1448,jose ruiz
1449,jose siri
1450,jose tabata
1451,jose taveras
1452,jose torres
1453,jose trevino
1454,jose urena
1455,jose valdez
1456,jose valdez
1457,jose valverde
1458,jose veras
1459,joseph colon
1460,josh beckett
1461,josh bell
1462,josh collmenter
1463,josh donaldson
1464,josh edgin
1465,josh fields
1466,josh hader
1467,josh hamilton
1468,josh harrison
1469,josh johnson
1470,josh kinney
1471,josh lindblom
1472,josh lucas
1473,josh lueke
1474,josh martin
1475,josh osich
1476,josh outman
1477,josh phegley
1478,josh prince
1479,josh ravin
1480,josh reddick
1481,josh roenicke
1482,josh rutledge
1483,josh satin
1484,josh smith
1485,josh smoker
1486,josh spence
1487,josh stinson
1488,josh thole
1489,josh tomlin
1490,josh vanmeter
1491,josh vitters
1492,josh wall
1493,josh willingham
1494,josh wilson
1495,josh zeid
1496,josmil pinto
1497,juan carlos oviedo
1498,juan centeno
1499,juan diaz
1500,juan duran
1501,juan francisco
1502,juan graterol
1503,juan gutierrez
1504,juan jaime
1505,juan lagares
1506,juan minaya
1507,juan nicasio
1508,juan perez
1509,juan rivera
1510,juan uribe
1511,julian fernandez
1512,julian merryweather
1513,julio borbon
1514,julio morban
1515,julio teheran
1516,julio urias
1517,jumbo diaz
1518,jung ho kang
1519,junichi tazawa
1520,juniel querecuto
1521,junior guerra
1522,junior harding
1523,junior lake
1524,jurickson profar
1525,justin bour
1526,justin christian
1527,justin de fratus
1528,justin freeman
1529,justin germano
1530,justin grimm
1531,justin haley
1532,justin marks
1533,justin masterson
1534,justin maxwell
1535,justin miller
1536,justin morneau
1537,justin nicolino
1538,justin o'conner
1539,justin ruggiano
1540,justin sellers
1541,justin smoak
1542,justin thomas
1543,justin turner
1544,justin upton
1545,justin verlander
1546,justin williams
1547,justin wilson
1548,kaleb cowart
1549,kameron loe
1550,kazuhisa makita
1551,keith butler
1552,keith hessler
1553,kelby tomlinson
1554,kelly dugan
1555,kelly johnson
1556,kelly shoppach
1557,kelvin gutierrez
1558,kelvin herrera
1559,kelvin marte
1560,ken giles
1561,ken roberts
1562,kendall graveman
1563,kendry flores
1564,kendrys morales
1565,kenley jansen
1566,kennys vargas
1567,kensuke tanaka
1568,kenta maeda
1569,keon broxton
1570,keone kela
1571,ketel marte
1572,keury mella
1573,kevan smith
1574,kevin chapman
1575,kevin correia
1576,kevin frandsen
1577,kevin gadea
1578,kevin gausman
1579,kevin gregg
1580,kevin jepsen
1581,kevin kiermaier
1582,kevin kouzmanoff
1583,kevin mattison
1584,kevin mccarthy
1585,kevin mcgowan
1586,kevin munson
1587,kevin pillar
1588,kevin plawecki
1589,kevin quackenbush
1590,kevin shackelford
1591,kevin siegrist
1592,kevin slowey
1593,kevin whelan
1594,keynan middleton
1595,keyvius sampson
1596,khris davis
1597,kila ka'aihue
1598,kirby yates
1599,kirk nieuwenhuis
1600,koda glover
1601,koji uehara
1602,kole calhoun
1603,kolten wong
1604,koyie hill
1605,kris bryant
1606,kris johnson
1607,kris medlen
1608,kristopher negron
1609,kurt suzuki
1610,kyle barraclough
1611,kyle blanks
1612,kyle crick
1613,kyle crockett
1614,kyle drabek
1615,kyle farmer
1616,kyle freeland
1617,kyle gibson
1618,kyle hendricks
1619,kyle higashioka
1620,kyle jensen
1621,kyle kendrick
1622,kyle kubitza
1623,kyle lloyd
1624,kyle lobstein
1625,kyle lohse
1626,kyle martin
1627,kyle mcgrath
1628,kyle mcpherson
1629,kyle parker
1630,kyle ryan
1631,kyle schwarber
1632,kyle seager
1633,kyle skipworth
1634,kyle waldrop
1635,kyle zimmer
1636,kyuji fujikawa
1637,l.j. hoes
1638,lance lynn
1639,lance mccullers
1640,lane adams
1641,lars anderson
1642,laynce nix
1643,layne somsen
1644,lendy castillo
1645,leonel campos
1646,leonys martin
1647,lester oliveros
1648,leury garcia
1649,lew ford
1650,lewis brinson
1651,lewis thorpe
1652,liam hendriks
1653,lisalverto bonilla
1654,logan darnell
1655,logan forsythe
1656,logan kensing
1657,logan morrison
1658,logan ondrusek
1659,logan schafer
1660,logan verrett
1661,logan watkins
1662,lonnie chisenhall
1663,lorenzo cain
1664,lou marson
1665,lou trivino
1666,louis coleman
1667,lourdes gurriel
1668,lucas duda
1669,lucas giolito
1670,lucas harrell
1671,lucas luetge
1672,lucas sims
1673,luis alexander basabe
1674,luis avilan
1675,luis ayala
1676,luis castillo
1677,luis cessa
1678,luis cruz
1679,luis escobar
1680,luis exposito
1681,luis garcia
1682,luis guillorme
1683,luis jimenez
1684,luis jimenez
1685,luis perdomo
1686,luis perdomo
1687,luis perez
1688,luis santos
1689,luis sardinas
1690,luis severino
1691,luis torrens
1692,luis valbuena
1693,luis ysla
1694,luiz gohara
1695,luke bard
1696,luke carlin
1697,luke farrell
1698,luke gregerson
1699,luke hochevar
1700,luke hughes
1701,luke jackson
1702,luke maile
1703,luke montz
1704,luke putkonen
1705,luke scott
1706,luke voit
1707,luke weaver
1708,mac williamson
1709,madison bumgarner
1710,madison younginer
1711,magneuris sierra
1712,maicer izturis
1713,maikel cleto
1714,maikel franco
1715,mallex smith
1716,manny acosta
1717,manny banuelos
1718,manny corpas
1719,manny machado
1720,manny parra
1721,manny pina
1722,manuel margot
1723,marc krauss
1724,marc rzepczynski
1725,marcell ozuna
1726,marco estrada
1727,marco gonzales
1728,marco hernandez
1729,marco scutaro
1730,marcos diplan
1731,marcos mateo
1732,marcos molina
1733,marcus hatley
1734,marcus semien
1735,marcus stroman
1736,mario hollands
1737,mark appel
1738,mark canha
1739,mark leiter
1740,mark lowe
1741,mark melancon
1742,mark reynolds
1743,mark rogers
1744,mark teixeira
1745,mark trumbo
1746,mark zagunis
1747,marlon byrd
1748,martin maldonado
1749,martin perez
1750,martin prado
1751,marwin gonzalez
1752,masahiro tanaka
1753,mason melotakis
1754,mason williams
1755,mat gamel
1756,mat latos
1757,matt adams
1758,matt albers
1759,matt andriese
1760,matt barnes
1761,matt belisle
1762,matt bowman
1763,matt boyd
1764,matt buschmann
1765,matt bush
1766,matt cain
1767,matt capps
1768,matt carasiti
1769,matt carpenter
1770,matt carson
1771,matt chapman
1772,matt clark
1773,matt daley
1774,matt davidson
1775,matt den dekker
1776,matt dermody
1777,matt dominguez
1778,matt duffy
1779,matt duffy
1780,matt garza
1781,matt grace
1782,matt guerrier
1783,matt hague
1784,matt harrison
1785,matt harvey
1786,matt holliday
1787,matt joyce
1788,matt kemp
1789,matt koch
1790,matt langwell
1791,matt laporta
1792,matt lindstrom
1793,matt magill
1794,matt maloney
1795,matt marksberry
1796,matt mcbride
1797,matt moore
1798,matt olson
1799,matt pagnozzi
1800,matt palmer
1801,matt purke
1802,matt ramsey
1803,matt reynolds
1804,matt reynolds
1805,matt shoemaker
1806,matt skole
1807,matt stites
1808,matt szczur
1809,matt thornton
1810,matt tracy
1811,matt tuiasosopo
1812,matt west
1813,matt wieters
1814,matt wisler
1815,matthew strahm
1816,mauricio cabrera
1817,mauricio dubon
1818,mauricio robles
1819,max fried
1820,max kepler
1821,max moroff
1822,max muncy
1823,max povse
1824,max scherzer
1825,max stassi
1826,mayckol guaipe
1827,meibrys viloria
1828,melky cabrera
1829,melky mesa
1830,melvin mercedes
1831,melvin upton jr.
1832,merandy gonzalez
1833,micah johnson
1834,micah owings
1835,michael blazek
1836,michael bourn
1837,michael bowden
1838,michael brady
1839,michael brantley
1840,michael choice
1841,michael conforto
1842,michael cuddyer
1843,michael feliz
1844,michael fulmer
1845,michael gonzalez
1846,michael hermosillo
1847,michael kelly
1848,michael kirkman
1849,michael kohn
1850,michael lorenzen
1851,michael mariot
1852,michael martinez
1853,michael mckenry
1854,michael morse
1855,michael pineda
1856,michael reed
1857,michael roth
1858,michael saunders
1859,michael stutes
1860,michael taylor
1861,michael taylor
1862,michael tonkin
1863,michael wacha
1864,michael ynoa
1865,micker adolfo
1866,mickey storey
1867,miguel alfredo gonzalez
1868,miguel almonte
1869,miguel andujar
1870,miguel cabrera
1871,miguel castro
1872,miguel del pozo
1873,miguel diaz
1874,miguel gomez
1875,miguel gonzalez
1876,miguel gonzalez
1877,miguel montero
1878,miguel olivo
1879,miguel rojas
1880,miguel sano
1881,miguel socolovich
1882,mike adams
1883,mike aviles
1884,mike baxter
1885,mike belfiore
1886,mike bolsinger
1887,mike broadway
1888,mike carp
1889,mike clevinger
1890,mike costanzo
1891,mike dunn
1892,mike ekstrom
1893,mike fiers
1894,mike foltynewicz
1895,mike fontenot
1896,mike ford
1897,mike freeman
1898,mike gerber
1899,mike hauschild
1900,mike jacobs
1901,mike kickham
1902,mike leake
1903,mike macdougal
1904,mike marjama
1905,mike mayers
1906,mike mcclendon
1907,mike mccoy
1908,mike miller
1909,mike minor
1910,mike montgomery
1911,mike morin
1912,mike moustakas
1913,mike napoli
1914,mike nickeas
1915,mike ohlman
1916,mike olt
1917,mike pelfrey
1918,mike strong
1919,mike tauchman
1920,mike trout
1921,mike wright
1922,mike zagurski
1923,mike zunino
1924,mikie mahtook
1925,miles mikolas
1926,mitch garver
1927,mitch haniger
1928,mitch harris
1929,mitch maier
1930,mitch moreland
1931,mitchell boggs
1932,moises sierra
1933,montreal robertson
1934,mookie betts
1935,munenori kawasaki
1936,mychal givens
1937,myles jaye
1938,nate adcock
1939,nate freiman
1940,nate jones
1941,nate mclouth
1942,nate schierholtz
1943,nate smith
1944,nate spears
1945,nathan eovaldi
1946,nathan karns
1947,neal cotts
1948,nefi ogando
1949,neftali feliz
1950,neftali soto
1951,neil ramirez
1952,neil wagner
1953,neil walker
1954,nelson cruz
1955,nestor cortes
1956,nevin ashley
1957,nick ahmed
1958,nick burdi
1959,nick buss
1960,nick castellanos
1961,nick christiani
1962,nick evans
1963,nick franklin
1964,nick gardewine
1965,nick goody
1966,nick greenwood
1967,nick hagadone
1968,nick hundley
1969,nick kingham
1970,nick lee
1971,nick markakis
1972,nick maronde
1973,nick martinez
1974,nick masset
1975,nick noonan
1976,nick pivetta
1977,nick punto
1978,nick rumbelow
1979,nick swisher
1980,nick tepesch
1981,nick travieso
1982,nick tropeano
1983,nick vincent
1984,nick williams
1985,nick wittgren
1986,nicky delmonico
1987,nik turley
1988,niko goodrum
1989,noah syndergaard
1990,noe ramirez
1991,noel cuevas
1992,nolan arenado
1993,nolan fontana
1994,nolan reimold
1995,nomar mazara
1996,nori aoki
1997,nyjer morgan
1998,o'koyea dickson
1999,odrisamer despaigne
2000,odubel herrera
2001,oliver drake
2002,oliver perez
2003,omar infante
2004,omar narvaez
2005,omar quintanilla
2006,omir santos
2007,onelki garcia
2008,orlando arcia
2009,orlando calixte
2010,oscar de la cruz
2011,oscar hernandez
2012,oscar mercado
2013,oscar taveras
2014,oswaldo arcia
2015,owen spiwak
2016,ozzie albies
2017,p.j. walters
2018,pablo lopez
2019,pablo sandoval
2020,paco rodriguez
2021,paolo espino
2022,parker bridwell
2023,pat dean
2024,pat light
2025,pat mccoy
2026,pat neshek
2027,pat valaika
2028,pat venditte
2029,patrick corbin
2030,patrick kivlehan
2031,patrick schuster
2032,paul blackburn
2033,paul clemens
2034,paul dejong
2035,paul fry
2036,paul goldschmidt
2037,paul janish
2038,paul maholm
2039,paul sewald
2040,paulo orlando
2041,pedro alvarez
2042,pedro araujo
2043,pedro baez
2044,pedro beato
2045,pedro ciriaco
2046,pedro feliciano
2047,pedro figueroa
2048,pedro florimon
2049,pedro hernandez
2050,pedro severino
2051,pedro strop
2052,pedro villarreal
2053,perci garner
2054,pete kozma
2055,pete orr
2056,peter bourjos
2057,peter moylan
2058,peter o'brien
2059,phil coke
2060,phil gosselin
2061,phil hughes
2062,phil irwin
2063,phil klein
2064,phil maton
2065,philip humber
2066,phillip ervin
2067,phillip evans
2068,phillippe aumont
2069,pierce johnson
2070,preston claiborne
2071,preston guilmet
2072,preston tucker
2073,prince fielder
2074,quintin berry
2075,r.a. dickey
2076,r.j. alvarez
2077,radhames liz
2078,rafael bautista
2079,rafael betancourt
2080,rafael devers
2081,rafael dolis
2082,rafael lopez
2083,rafael martin
2084,rafael montero
2085,rafael ortega
2086,rafael perez
2087,rafael soriano
2088,rafael ynoa
2089,raimel tapia
2090,raisel iglesias
2091,rajai davis
2092,ramiro pena
2093,ramon cabrera
2094,ramon flores
2095,ramon laureano
2096,ramon ramirez
2097,ramon santiago
2098,ramon torres
2099,ramon troncoso
2100,randal grichuk
2101,randall delgado
2102,randy rosario
2103,rangel ravelo
2104,ranger suarez
2105,raudel lazo
2106,raudy read
2107,raul alcantara
2108,raul mondesi
2109,raul valdes
2110,ray black
2111,ray olmedo
2112,rayan gonzalez
2113,red patterson
2114,reed johnson
2115,reese mcguire
2116,reid brignac
2117,renato nunez
2118,rene rivera
2119,rex brothers
2120,rey navarro
2121,reyes moronta
2122,reymin guduan
2123,reymond fuentes
2124,reynaldo lopez
2125,rhiner cruz
2126,rhys hoskins
2127,ricardo pinto
2128,ricardo rodriguez
2129,ricardo sanchez
2130,rich hill
2131,richard bleier
2132,richard rodriguez
2133,richard urena
2134,richie shaffer
2135,rick porcello
2136,rickie weeks
2137,ricky nolasco
2138,ricky romero
2139,rico noel
2140,rio ruiz
2141,rob brantly
2142,rob rasmussen
2143,rob refsnyder
2144,rob scahill
2145,rob segedin
2146,rob whalen
2147,rob wooten
2148,rob zastryzny
2149,robbie erlin
2150,robbie grossman
2151,robbie ray
2152,robbie ross jr.
2153,robby scott
2154,robert andino
2155,robert carson
2156,robert coello
2157,robert gsellman
2158,robert stephenson
2159,roberto  gomez
2160,roberto hernandez
2161,roberto osuna
2162,roberto perez
2163,robinson cano
2164,robinson chirinos
2165,rocky gale
2166,roenis elias
2167,roger bernadina
2168,roger kieschnick
2169,roman colon
2170,roman mendez
2171,roman quinn
2172,ronald belisario
2173,ronald guzman
2174,ronald herrera
2175,ronald torreyes
2176,ronnier mustelier
2177,ronny cedeno
2178,ronny paulino
2179,rookie davis
2180,rosell herrera
2181,ross detwiler
2182,ross ohlendorf
2183,ross stripling
2184,ross wolf
2185,rougned odor
2186,rowan wick
2187,rowdy tellez
2188,rubby de la rosa
2189,ruben tejada
2190,rudy owens
2191,rusney castillo
2192,russ canzler
2193,russell martin
2194,ryan borucki
2195,ryan brasier
2196,ryan braun
2197,ryan brett
2198,ryan buchter
2199,ryan carpenter
2200,ryan cook
2201,ryan cordell
2202,ryan dennick
2203,ryan doumit
2204,ryan dull
2205,ryan feierabend
2206,ryan flaherty
2207,ryan garton
2208,ryan goins
2209,ryan gold
2210,ryan hanigan
2211,ryan howard
2212,ryan jackson
2213,ryan kalish
2214,ryan kelly
2215,ryan lamarre
2216,ryan langerhans
2217,ryan lavarnway
2218,ryan lollis
2219,ryan ludwick
2220,ryan madson
2221,ryan mattheus
2222,ryan mcmahon
2223,ryan merritt
2224,ryan o'rourke
2225,ryan perry
2226,ryan pressly
2227,ryan raburn
2228,ryan reid
2229,ryan roberts
2230,ryan rowland-smith
2231,ryan rua
2232,ryan schimpf
2233,ryan sherriff
2234,ryan strausborger
2235,ryan sweeney
2236,ryan tepera
2237,ryan verdugo
2238,ryan vogelsong
2239,ryan webb
2240,ryan weber
2241,ryan wheeler
2242,ryan yarbrough
2243,ryan zimmerman
2244,ryder jones
2245,rymer liriano
2246,ryne harper
2247,ryne stanek
2248,ryon healy
2249,sal romano
2250,salvador perez
2251,sam demel
2252,sam dyson
2253,sam freeman
2254,sam fuld
2255,sam gaviglio
2256,sam howard
2257,sam lecure
2258,sam moll
2259,sam travis
2260,sam tuivailala
2261,samir duenez
2262,sammy solis
2263,samuel deduno
2264,sandy alcantara
2265,sandy baez
2266,sandy leon
2267,sandy rosario
2268,santiago casilla
2269,scooter gennett
2270,scott alexander
2271,scott atchison
2272,scott baker
2273,scott barlow
2274,scott barnes
2275,scott carroll
2276,scott copeland
2277,scott diamond
2278,scott elbert
2279,scott feldman
2280,scott hairston
2281,scott kazmir
2282,scott maine
2283,scott mcgough
2284,scott moore
2285,scott oberg
2286,scott rice
2287,scott schebler
2288,scott sizemore
2289,scott snodgress
2290,scott van slyke
2291,sean burnett
2292,sean coyle
2293,sean doolittle
2294,sean gilmartin
2295,sean halton
2296,sean manaea
2297,sean marshall
2298,sean newcomb
2299,sean nolin
2300,sean o'sullivan
2301,sean rodriguez
2302,seranthony dominguez
2303,sergio alcantara
2304,sergio romo
2305,sergio santos
2306,seth frankoff
2307,seth lugo
2308,seth maness
2309,seth rosin
2310,seth smith
2311,seung hwan oh
2312,severino gonzalez
2313,shae simmons
2314,shane carle
2315,shane greene
2316,shane loux
2317,shane peterson
2318,shane robinson
2319,shane victorino
2320,shaun marcum
2321,shawn armstrong
2322,shawn hill
2323,shawn kelley
2324,shawn morimando
2325,shawn o'malley
2326,shawn tolleson
2327,shed long
2328,shelby miller
2329,shin-soo choo
2330,silvino bracho
2331,simon castro
2332,skip schumaker
2333,slade heathcott
2334,socrates brito
2335,sonny gray
2336,spencer kieboom
2337,spencer patton
2338,spencer turnbull
2339,starlin castro
2340,starling marte
2341,stefan crichton
2342,stefen romero
2343,stephen cardullo
2344,stephen drew
2345,stephen fife
2346,stephen gonsalves
2347,stephen johnson
2348,stephen piscotty
2349,stephen pryor
2350,stephen strasburg
2351,stephen vogt
2352,steve ames
2353,steve baron
2354,steve cishek
2355,steve clevenger
2356,steve delabar
2357,steve edlefsen
2358,steve geltz
2359,steve hathaway
2360,steve johnson
2361,steve lombardozzi
2362,steve pearce
2363,steve selsky
2364,steve susdorf
2365,steve tolleson
2366,steven brault
2367,steven lerud
2368,steven matz
2369,steven moya
2370,steven okert
2371,steven souza jr.
2372,steven wright
2373,stolmy pimentel
2374,stuart turner
2375,sugar ray marimon
2376,t.j. mcfarland
2377,t.j. rivera
2378,taijuan walker
2379,tanner roark
2380,tanner scheppers
2381,tanner scott
2382,taylor cole
2383,taylor davis
2384,taylor dugas
2385,taylor featherston
2386,taylor green
2387,taylor guerrieri
2388,taylor hill
2389,taylor jordan
2390,taylor jungmann
2391,taylor lindsey
2392,taylor motter
2393,taylor rogers
2394,taylor teagarden
2395,taylor thompson
2396,taylor williams
2397,tayron guerrero
2398,teoscar hernandez
2399,terrance gore
2400,thad weber
2401,thairo estrada
2402,thomas field
2403,thomas neal
2404,thomas pannone
2405,thyago vieira
2406,tim adleman
2407,tim anderson
2408,tim beckham
2409,tim berry
2410,tim collins
2411,tim cooney
2412,tim dillard
2413,tim federowicz
2414,tim hill
2415,tim lincecum
2416,tim locastro
2417,tim mayza
2418,tim melville
2419,tim stauffer
2420,tj house
2421,todd coffey
2422,todd cunningham
2423,todd frazier
2424,todd redmond
2425,tom gorzelanny
2426,tom koehler
2427,tom murphy
2428,tom wilhelmsen
2429,tomas nido
2430,tomas telis
2431,tommy hanson
2432,tommy hottovy
2433,tommy hunter
2434,tommy joseph
2435,tommy kahnle
2436,tommy la stella
2437,tommy layne
2438,tommy medica
2439,tommy milone
2440,tommy pham
2441,tony abreu
2442,tony barnette
2443,tony campana
2444,tony cingrani
2445,tony cruz
2446,tony gwynn jr.
2447,tony kemp
2448,tony renda
2449,tony sanchez
2450,tony sipp
2451,tony watson
2452,tony wolters
2453,tony zych
2454,toru murata
2455,travis blackley
2456,travis buck
2457,travis d'arnaud
2458,travis hafner
2459,travis ishikawa
2460,travis jankowski
2461,travis shaw
2462,travis snider
2463,travis taijeron
2464,travis tartamella
2465,travis wood
2466,trayce thompson
2467,trayvon robinson
2468,trea turner
2469,trevor bauer
2470,trevor bell
2471,trevor brown
2472,trevor cahill
2473,trevor crowe
2474,trevor frank
2475,trevor gott
2476,trevor hildenberger
2477,trevor may
2478,trevor oaks
2479,trevor plouffe
2480,trevor rosenthal
2481,trevor story
2482,trevor williams
2483,trey haley
2484,trey mancini
2485,troy patton
2486,troy scribner
2487,troy tulowitzki
2488,tsuyoshi wada
2489,tucker barnhart
2490,tuffy gosewisch
2491,ty blach
2492,ty buttrey
2493,ty kelly
2494,ty wigginton
2495,tyler anderson
2496,tyler austin
2497,tyler bashlor
2498,tyler beede
2499,tyler chatwood
2500,tyler clippard
2501,tyler cloyd
2502,tyler collins
2503,tyler colvin
2504,tyler cravy
2505,tyler danish
2506,tyler duffey
2507,tyler flowers
2508,tyler glasnow
2509,tyler goeddel
2510,tyler graham
2511,tyler greene
2512,tyler herb
2513,tyler holt
2514,tyler kinley
2515,tyler ladendorf
2516,tyler lyons
2517,tyler mahle
2518,tyler matzek
2519,tyler moore
2520,tyler naquin
2521,tyler o'neill
2522,tyler olson
2523,tyler pastornicky
2524,tyler pill
2525,tyler robertson
2526,tyler saladino
2527,tyler skaggs
2528,tyler smith
2529,tyler sturdevant
2530,tyler thornburg
2531,tyler wade
2532,tyler wagner
2533,tyler webb
2534,tyler white
2535,tyler wilson
2536,tyrell jenkins
2537,tyson brummett
2538,tyson ross
2539,tzu-wei lin
2540,ubaldo jimenez
2541,vance worley
2542,vic black
2543,vicente campos
2544,victor alcantara
2545,victor arano
2546,victor caratini
2547,victor marte
2548,victor martinez
2549,victor reyes
2550,victor robles
2551,vidal nuno
2552,vin mazzaro
2553,vince belnome
2554,vincent velasquez
2555,vinnie pestano
2556,wade davis
2557,wade leblanc
2558,wade miley
2559,walker buehler
2560,walker lockett
2561,wander suero
2562,wandy peralta
2563,wandy rodriguez
2564,warwick saupold
2565,wei-chung wang
2566,wei-yin chen
2567,welington castillo
2568,wesley wright
2569,whit merrifield
2570,wil myers
2571,wil nieves
2572,wilfredo boscan
2573,wilfredo tovar
2574,wilin rosario
2575,wilkin ramirez
2576,wilking rodriguez
2577,will harris
2578,will locante
2579,will middlebrooks
2580,will ohman
2581,will rhymes
2582,will smith
2583,will venable
2584,willi castro
2585,william cuevas
2586,williams jerez
2587,williams perez
2588,willie bloomquist
2589,willie calhoun
2590,willie harris
2591,willson contreras
2592,willy adames
2593,willy garcia
2594,wilmer difo
2595,wilmer flores
2596,wilmer font
2597,wilson betemit
2598,wilson ramos
2599,wilton lopez
2600,wily peralta
2601,wuilmer becerra
2602,wynton bernard
2603,xander bogaerts
2604,xavier avery
2605,xavier cedeno
2606,xavier nady
2607,xavier paul
2608,xavier scruggs
2609,yacksel rios
2610,yadiel rivera
2611,yadier molina
2612,yairo munoz
2613,yaisel sierra
2614,yan gomes
2615,yandy diaz
2616,yangervis solarte
2617,yankory pimentel
2618,yasiel puig
2619,yasmani grandal
2620,yasmany tomas
2621,yefrey ramirez
2622,yefri perez
2623,yency almonte
2624,yhonathan barrios
2625,yimi garcia
2626,yoan moncada
2627,yoenis cespedes
2628,yoervis medina
2629,yohan flande
2630,yohan pino
2631,yohander mendez
2632,yonathan daza
2633,yonder alonso
2634,yonny chirinos
2635,yordano ventura
2636,yorman landa
2637,yorman rodriguez
2638,yorvit torrealba
2639,yoshihisa hirano
2640,yoslan herrera
2641,yovani gallardo
2642,yu darvish
2643,yu-cheng chang
2644,yulieski gurriel
2645,yunel escobar
2646,yunesky maya
2647,yusmeiro petit
2648,zac curtis
2649,zac reininger
2650,zac rosscup
2651,zach britton
2652,zach clark
2653,zach davies
2654,zach duke
2655,zach eflin
2656,zach granite
2657,zach jemiola
2658,zach lee
2659,zach lovvorn
2660,zach lutz
2661,zach mcallister
2662,zach miner
2663,zach neal
2664,zach phillips
2665,zach putnam
2666,zach stewart
2667,zach vincej
2668,zach walters
2669,zack cozart
2670,zack godley
2671,zack greinke
2672,zack jones
2673,zack littell
2674,zack weiss
2675,zack wheeler
2676,zeke spruill
2677,zelous wheeler
2678,zoilo almonte
